names,importances,experiment_id,CO_MES,var_target
"('04~mes', '47~prdt', '092~geo2', '999~geo3', 'kt')",0.03457982185993028,ecf01ab0-7345-4276-bc1a-ea0b1f4735f0,06~mes,kt
"('12~mes', '10~prdt', '021~geo2', '999~geo3', 'kt')",0.033543159497464156,ecf01ab0-7345-4276-bc1a-ea0b1f4735f0,06~mes,kt
"('12~mes', '38~prdt', '081~geo2', '999~geo3', 'kt')",0.031123365893057087,ecf01ab0-7345-4276-bc1a-ea0b1f4735f0,06~mes,kt
ANO,0.024218699152351527,ecf01ab0-7345-4276-bc1a-ea0b1f4735f0,06~mes,kt
ANO,0.0,ecf01ab0-7345-4276-bc1a-ea0b1f4735f0,06~mes,oc
